season,celebrity_name,pro_name,celebrity_industry,celebrity_homestate,celebrity_homecountry_region,celebrity_age_during_season,results,placement,is_us,state_population_2020
1,Evander Holyfield,Edyta Sliwinska,Athlete,Alabama,United States,42,Eliminated Week 3,5,True,5024279.0
1,Joey McIntyre,Ashly DelGrosso,Singer/Rapper,Massachusetts,United States,32,3rd Place,3,True,7029917.0
1,John O'Hurley,Charlotte Jorgensen,Actor/Actress,Maine,United States,50,2nd Place,2,True,1362359.0
1,Kelly Monaco,Alec Mazo,Actor/Actress,Pennsylvania,United States,29,1st Place,1,True,13002700.0
1,Rachel Hunter,Jonathan Roberts,Model,,New Zealand,35,Eliminated Week 4,4,False,
1,Trista Sutter,Louis van Amstel,TV Personality,Indiana,United States,32,Eliminated Week 2,6,True,6785528.0
2,Drew Lachey,Cheryl Burke,Singer/Rapper,Ohio,United States,29,1st Place,1,True,11799448.0
2,George Hamilton,Edyta Sliwinska,Actor/Actress,Tennessee,United States,66,Eliminated Week 6,5,True,6910840.0
2,Giselle Fernandez,Jonathan Roberts,News Anchor,,Mexico,44,Eliminated Week 3,8,False,
2,Jerry Rice,Anna Trebunskaya,Athlete,Mississippi,United States,43,2nd Place,2,True,2961279.0
2,Kenny Mayne,Andrea Hale,Sports Broadcaster,Washington,United States,46,Eliminated Week 1,10,True,7705281.0
2,Lisa Rinna,Louis van Amstel,Actor/Actress,California,United States,42,Eliminated Week 7,4,True,39538223.0
2,Master P,Ashly DelGrosso,Singer/Rapper,Louisiana,United States,35,Eliminated Week 4,7,True,4657757.0
2,Stacy Keibler,Tony Dovolani,Athlete,Maryland,United States,26,3rd Place,3,True,6177224.0
2,Tatum O'Neal,Nick Kosovich,Actor/Actress,California,United States,42,Eliminated Week 2,9,True,39538223.0
2,Tia Carrere,Maksim Chmerkoskiy,Actor/Actress,Hawaii,United States,39,Eliminated Week 5,6,True,1455271.0
3,Emmitt Smith,Cheryl Burke,Athlete,Florida,United States,37,1st Place,1,True,21538187.0
3,Harry Hamlin,Ashly DelGrosso,Actor/Actress,California,United States,54,Eliminated Week 3,9,True,39538223.0
3,Jerry Springer,Kym Johnson,TV Personality,,England,62,Eliminated Week 7,5,False,
3,Joey Lawrence,Edyta Sliwinska,Actor/Actress,Pennsylvania,United States,30,3rd Place,3,True,13002700.0
3,Mario Lopez,Karina Smirnoff,Actor/Actress,California,United States,32,2nd Place,2,True,39538223.0
3,Monique Coleman,Louis van Amstel,Actor/Actress,South Carolina,United States,25,Eliminated Week 8,4,True,5118425.0
3,Sara Evans,Tony Dovolani,Singer/Rapper,Missouri,United States,35,Withdrew,6,True,6154913.0
3,Shanna Moakler,Jesse DeSoto,Model,Rhode Island,United States,31,Eliminated Week 2,10,True,1097379.0
3,Tucker Carlson,Elena Grinenko,TV Personality,California,United States,37,Eliminated Week 1,11,True,39538223.0
3,Vivica A. Fox,Nick Kosovich,Actor/Actress,Indiana,United States,42,Eliminated Week 4,8,True,6785528.0
3,Willa Ford,Maksim Chmerkoskiy,Singer/Rapper,Florida,United States,25,Eliminated Week 5,7,True,21538187.0
4,Apolo Anton Ohno,Julianne Hough,Athlete,Washington,United States,24,1st Place,1,True,7705281.0
4,Billy Ray Cyrus,Karina Smirnoff,Singer/Rapper,Kentucky,United States,45,Eliminated Week 8,5,True,4505836.0
4,Clyde Drexler,Elena Grinenko,Athlete,Louisiana,United States,44,Eliminated Week 5,8,True,4657757.0
4,Heather Mills,Jonathan Roberts,Model,,England,39,Eliminated Week 6,7,False,
4,Ian Ziering,Cheryl Burke,Actor/Actress,New Jersey,United States,42,Eliminated Week 9,4,True,9288994.0
4,Joey Fatone,Kym Johnson,Singer/Rapper,New York,United States,30,2nd Place,2,True,20201249.0
4,John Ratzenberger,Edyta Sliwinska,Actor/Actress,Connecticut,United States,59,Eliminated Week 7,6,True,3605944.0
4,Laila Ali,Maksim Chmerkoskiy,Athlete,Florida,United States,29,3rd Place,3,True,21538187.0
4,Leeza Gibbons,Tony Dovolani,TV Personality,South Carolina,United States,50,Eliminated Week 4,9,True,5118425.0
4,Paulina Porizkova,Alec Mazo,Model,,Czechoslovakia,41,Eliminated Week 2,11,False,
4,Shandi Finnessey,Brian Fortuna,Beauty Pagent,Missouri,United States,28,Eliminated Week 3,10,True,6154913.0
5,Albert Reed,Anna Trebunskaya,Model,Florida,United States,22,Eliminated Week 2,11,True,21538187.0
5,Cameron Mathison,Edyta Sliwinska,Actor/Actress,,Canada,38,Eliminated Week 8,5,False,
5,Floyd Mayweather Jr. ,Karina Smirnoff,Athlete,Michigan,United States,30,Eliminated Week 4,9,True,10077331.0
5,Helio Castroneves,Julianne Hough,Racing Driver,,Brazil,32,1st Place,1,False,
5,Jane Seymour,Tony Dovolani,Actor/Actress,,England,56,Eliminated Week 7,6,False,
5,Jennie Garth,Derek Hough,Actor/Actress,Illinois,United States,35,Eliminated Week 9,4,True,12812508.0
5,Josie Maran,Alec Mazo,Model,California,United States,29,Eliminated Week 1,12,True,39538223.0
5,Marie Osmond,Jonathan Roberts,Singer/Rapper,Utah,United States,47,3rd Place,3,True,3271616.0
5,Mark Cuban,Kym Johnson,TV Personality,Pennsylvania,United States,49,Eliminated Week 5,8,True,13002700.0
5,Mel B,Maksim Chmerkoskiy,Singer/Rapper,,England,32,2nd Place,2,False,
5,Sabrina Bryan,Mark Ballas,Actor/Actress,California,United States,23,Eliminated Week 6,7,True,39538223.0
5,Wayne Newton,Cheryl Burke,Singer/Rapper,Virginia,United States,65,Eliminated Week 3,10,True,8631393.0
6,Adam Carolla,Julianne Hough,Radio Personality,California,United States,43,Eliminated Week 4,9,True,39538223.0
6,Cristian de la Fuente,Cheryl Burke,Actor/Actress,,Chile,34,3rd Place,3,False,
6,Jason Taylor,Edyta Sliwinska,Athlete,Pennsylvania,United States,33,2nd Place,2,True,13002700.0
6,Kristi Yamaguchi,Mark Ballas,Athlete,California,United States,36,1st Place,1,True,39538223.0
6,Mario,Karina Smirnoff,Singer/Rapper,Maryland,United States,21,Eliminated Week 8,5,True,6177224.0
6,Marissa Jaret Winokur,Tony Dovolani,Actor/Actress,New York,United States,35,Eliminated Week 9,4,True,20201249.0
6,Marlee Matlin,Fabian Sanchez,Actor/Actress,Illinois,United States,42,Eliminated Week 6,7,True,12812508.0
6,Monica Seles,Jonathan Roberts,Athlete,,Yugoslavia,34,Eliminated Week 2,11,False,
6,Penn Jillette,Kym Johnson,Magician,Massachusetts,United States,53,Eliminated Week 2,12,True,7029917.0
6,Priscilla Presley,Louis van Amstel,Actor/Actress,New York,United States,62,Eliminated Week 5,8,True,20201249.0
6,Shannon Elizabeth,Derek Hough,Actor/Actress,Texas,United States,34,Eliminated Week 7,6,True,29145505.0
6,Steve Guttenberg,Anna Trebunskaya,Actor/Actress,New York,United States,49,Eliminated Week 3,10,True,20201249.0
7,Brooke Burke,Derek Hough,TV Personality,Connecticut,United States,37,1st Place,1,True,3605944.0
7,Cloris Leachman,Corky Ballas,Actor/Actress,Iowa,United States,82,Eliminated Week 6,7,True,3190369.0
7,Cody Linley,Julianne Hough,Actor/Actress,Texas,United States,18,Eliminated Week 9,4,True,29145505.0
7,Jeffrey Ross,Edyta Sliwinska,Comedian,New Jersey,United States,43,Eliminated Week 1,13,True,9288994.0
7,Kim Kardashian,Mark Ballas,TV Personality,California,United States,27,Eliminated Week 2,11,True,39538223.0
7,Lance Bass,Lacey Schwimmer,Singer/Rapper,Mississippi,United States,29,3rd Place,3,True,2961279.0
7,Maurice Greene,Cheryl Burke,Athlete,Kansas,United States,34,Eliminated Week 8,5,True,2937880.0
7,Misty May-Treanor,Maksim Chmerkoskiy,Athlete,California,United States,31,Withdrew,10,True,39538223.0
7,Rocco DiSpirito,Karina Smirnoff,TV Personality,New York,United States,41,Eliminated Week 4,9,True,20201249.0
7,Susan Lucci,Tony Dovolani,Actor/Actress,New York,United States,61,Eliminated Week 7,6,True,20201249.0
7,Ted McGinley,Inna Brayer,Actor/Actress,California,United States,50,Eliminated Week 1,12,True,39538223.0
7,Toni Braxton,Alec Mazo,Singer/Rapper,Maryland,United States,40,Eliminated Week 5,8,True,6177224.0
7,Warren Sapp,Kym Johnson,Athlete,Florida,United States,35,2nd Place,2,True,21538187.0
8,Belinda Carlisle,Jonathan Roberts,Singer/Rapper,California,United States,50,Eliminated Week 2,13,True,39538223.0
8,Chuck Wicks,Julianne Hough,Singer/Rapper,Delaware,United States,29,Eliminated Week 8,6,True,989948.0
8,David Alan Grier,Kym Johnson,Actor/Actress,Michigan,United States,52,Eliminated Week 5,9,True,10077331.0
8,Denise Richards,Maksim Chmerkoskiy,Actor/Actress,Illinois,United States,38,Eliminated Week 3,12,True,12812508.0
8,Gilles Marini,Cheryl Burke,Actor/Actress,,France,33,2nd Place,2,False,
8,Holly Madison,Dmitry Chaplin,TV Personality,Oregon,United States,30,Eliminated Week 4,11,True,4237256.0
8,Lawrence Taylor,Edyta Sliwinska,Athlete,Virginia,United States,50,Eliminated Week 7,7,True,8631393.0
8,Lil' Kim,Derek Hough,Singer/Rapper,New York,United States,34,Eliminated Week 9,5,True,20201249.0
8,Melissa Rycroft,Tony Dovolani,TV Personality,Texas,United States,26,3rd Place,3,True,29145505.0
8,Shawn Johnson,Mark Ballas,Athlete,Iowa,United States,17,1st Place,1,True,3190369.0
8,Steve Wozniak,Karina Smirnoff,Entrepreneur,California,United States,58,Eliminated Week 4,10,True,39538223.0
8,Steve-O,Lacey Schwimmer,TV Personality,,England,34,Eliminated Week 6,8,False,
8,Ty Murray,Chelsie Hightower,Athlete,Arizona,United States,39,Eliminated Week 10,4,True,7151502.0
9,Aaron Carter,Karina Smirnoff,Singer/Rapper,Florida,United States,21,Eliminated Week 8,5,True,21538187.0
9,Ashley Hamiliton,Edyta Sliwinska,Actor/Actress,California,United States,34,Eliminated Week 1,16,True,39538223.0
9,Chuck Liddell,Anna Trebunskaya,Athlete,California,United States,39,Eliminated Week 4,11,True,39538223.0
9,Debi Mazar,Maksim Chmerkoskiy,Actor/Actress,New York,United States,45,Eliminated Week 3,12,True,20201249.0
9,Donny Osmond,Kym Johnson,Singer/Rapper,Utah,United States,51,1st Place,1,True,3271616.0
9,Joanna Krupa,Derek Hough,Model,,Poland,30,Eliminated Week 9,4,False,
9,Kathy Ireland,Tony Dovolani,Model,California,United States,46,Eliminated Week 2,14,True,39538223.0
9,Kelly Osbourne,Louis van Amstel,TV Personality,,England,24,3rd Place,3,False,
9,Louie Vito,Chelsie Hightower,Athlete,Ohio,United States,21,Eliminated Week 6,8,True,11799448.0
9,Macy Gray,Jonathan Roberts,Singer/Rapper,Ohio,United States,42,Eliminated Week 1,15,True,11799448.0
9,Mark Dacascos,Lacey Schwimmer,Actor/Actress,Hawaii,United States,45,Eliminated Week 7,6,True,1455271.0
9,Melissa Joan Hart,Mark Ballas,Actor/Actress,New York,United States,33,Eliminated Week 6,9,True,20201249.0
9,Michael Irvin,Anna Demidova,Athlete,Florida,United States,43,Eliminated Week 7,7,True,21538187.0
9,Mya,Dmitry Chaplin,Singer/Rapper,Washington D.C.,United States,29,2nd Place,2,True,689545.0
9,Natalie Coughlin,Alec Mazo,Athlete,California,United States,27,Eliminated Week 5,10,True,39538223.0
9,Tom DeLay,Cheryl Burke,Politician,Texas,United States,62,Withdrew,13,True,29145505.0
10,Aiden Turner,Edyta Sliwinska,Actor/Actress,,England,32,Eliminated Week 4,9,False,
10,Buzz Aldrin,Ashly DelGrosso,Astronaut,New Jersey,United States,80,Eliminated Week 3,10,True,9288994.0
10,Chad Ochocinco,Cheryl Burke,Athlete,Florida,United States,32,Eliminated Week 9,4,True,21538187.0
10,Erin Andrews,Maksim Chmerkoskiy,Sports Broadcaster,Maine,United States,32,3rd Place,3,True,1362359.0
10,Evan Lysacek,Anna Trebunskaya,Athlete,Illinois,United States,24,2nd Place,2,True,12812508.0
10,Jake Pavelka,Chelsie Hightower,TV Personality,Texas,United States,32,Eliminated Week 6,7,True,29145505.0
10,Kate Gosselin,Tony Dovolani,TV Personality,Pennsylvania,United States,35,Eliminated Week 5,8,True,13002700.0
10,Nicole Scherzinger,Derek Hough,Singer/Rapper,Hawaii,United States,31,1st Place,1,True,1455271.0
10,Niecy Nash,Louis van Amstel,Actor/Actress,California,United States,40,Eliminated Week 8,5,True,39538223.0
10,Pamela Anderson,Damian Whitewood,Model,,Canada,42,Eliminated Week 7,6,False,
10,Shannen Doherty,Mark Ballas,Actor/Actress,Tennessee,United States,38,Eliminated Week 2,11,True,6910840.0
11,Audrina Patridge,Tony Dovolani,TV Personality,California,United States,25,Eliminated Week 6,7,True,39538223.0
11,Brandy,Maksim Chmerkoskiy,Singer/Rapper,Mississippi,United States,31,Eliminated Week 9,4,True,2961279.0
11,Bristol Palin,Mark Ballas,TV Personality,Alaska,United States,19,3rd Place,3,True,733391.0
11,David Hasselhoff,Kym Johnson,Actor/Actress,Maryland,United States,58,Eliminated Week 1,12,True,6177224.0
11,Florence Henderson,Corky Ballas,Actor/Actress,Indiana,United States,76,Eliminated Week 5,8,True,6785528.0
11,Jennifer Grey,Derek Hough,Actor/Actress,New York,United States,50,1st Place,1,True,20201249.0
11,Kurt Warner,Anna Trebunskaya,Athlete,Iowa,United States,39,Eliminated Week 8,5,True,3190369.0
11,Kyle Massey,Lacey Schwimmer,Actor/Actress,Georgia,United States,19,2nd Place,2,True,10711908.0
11,Margaret Cho,Louis van Amstel,Comedian,California,United States,41,Eliminated Week 3,10,True,39538223.0
11,Michael Bolton,Chelsie Hightower,Singer/Rapper,Connecticut,United States,57,Eliminated Week 2,11,True,3605944.0
11,Rick Fox,Cheryl Burke,Athlete,,Canada,41,Eliminated Week 7,6,False,
11,The Situation,Karina Smirnoff,TV Personality,New York,United States,28,Eliminated Week 4,9,True,20201249.0
12,Chelsea Kane,Mark Ballas,Actor/Actress,Arizona,United States,22,3rd Place,3,True,7151502.0
12,Chris Jericho,Cheryl Burke,Athlete,New York,United States,40,Eliminated Week 6,7,True,20201249.0
12,Hines Ward,Kym Johnson,Athlete,,South Korea,35,1st Place,1,False,
12,Kendra Wilkinson,Louis van Amstel,TV Personality,California,United States,25,Eliminated Week 7,6,True,39538223.0
12,Kirstie Alley,Maksim Chmerkoskiy,Actor/Actress,Kansas,United States,60,2nd Place,2,True,2937880.0
12,Mike Catherwood,Lacey Schwimmer,Radio Personality,California,United States,32,Eliminated Week 2,11,True,39538223.0
12,Petra Nemcova,Dmitry Chaplin,Model,,Czechoslovakia,31,Eliminated Week 5,8,False,
12,Ralph Macchio,Karina Smirnoff,Actor/Actress,New York,United States,49,Eliminated Week 9,4,True,20201249.0
12,Romeo,Chelsie Hightower,Singer/Rapper,Louisiana,United States,21,Eliminated Week 8,5,True,4657757.0
12,Sugar Ray Leonard,Anna Trebunskaya,Athlete,North Carolina,United States,54,Eliminated Week 4,9,True,10439388.0
12,Wendy Williams,Tony Dovolani,TV Personality,New Jersey,United States,46,Eliminated Week 3,10,True,9288994.0
13,Carson Kressley,Anna Trebunskaya,TV Personality,Pennsylvania,United States,41,Eliminated Week 5,8,True,13002700.0
13,Chaz Bono,Lacey Schwimmer,TV Personality,California,United States,42,Eliminated Week 6,7,True,39538223.0
13,Chynna Phillips,Tony Dovolani,Singer/Rapper,California,United States,43,Eliminated Week 4,9,True,39538223.0
13,David Arquette,Kym Johnson,Actor/Actress,Virginia,United States,40,Eliminated Week 7,6,True,8631393.0
13,Elisabetta Canalis,Valentin Chmerkovskiy,Actor/Actress,,Italy,33,Eliminated Week 2,11,False,
13,Hope Solo,Maksim Chmerkoskiy,Athlete,Washington,United States,30,Eliminated Week 9,4,True,7705281.0
13,J.R. Martinez,Karina Smirnoff,Actor/Actress,Louisiana,United States,28,1st Place,1,True,4657757.0
13,Kristin Cavallari,Mark Ballas,TV Personality,Colorado,United States,24,Eliminated Week 3,10,True,5773714.0
13,Metta World Peace (Ron),Peta Murgatroyd,Athlete,New York,United States,31,Eliminated Week 1,12,True,20201249.0
13,Nancy Grace,Tristan MacManus,TV Personality,Georgia,United States,51,Eliminated Week 8,5,True,10711908.0
13,Ricki Lake,Derek Hough,Actor/Actress,New York,United States,42,3rd Place,3,True,20201249.0
13,Rob Kardashian,Cheryl Burke,TV Personality,California,United States,24,2nd Place,2,True,39538223.0
14,Donald Driver,Peta Murgatroyd,Athlete,Texas,United States,37,1st Place,1,True,29145505.0
14,Gavin DeGraw,Karina Smirnoff,Singer/Rapper,New York,United States,35,Eliminated Week 5,9,True,20201249.0
14,Gladys Knight,Tristan MacManus,Singer/Rapper,Georgia,United States,67,Eliminated Week 6,8,True,10711908.0
14,Jack Wagner,Anna Trebunskaya,Actor/Actress,Missouri,United States,52,Eliminated Week 3,11,True,6154913.0
14,Jaleel White,Kym Johnson,Actor/Actress,California,United States,35,Eliminated Week 7,7,True,39538223.0
14,Katherine Jenkins,Mark Ballas,Singer/Rapper,,Wales,31,2nd Place,2,False,
14,Maria Menounos,Derek Hough,TV Personality,Massachusetts,United States,33,Eliminated Week 9,4,True,7029917.0
14,Martina Navratilova,Tony Dovolani,Athlete,,Czechoslovakia,55,Eliminated Week 2,12,False,
14,Melissa Gilbert,Maksim Chmerkoskiy,Actor/Actress,California,United States,47,Eliminated Week 8,5,True,39538223.0
14,Roshon Fegan,Chelsie Hightower,Actor/Actress,California,United States,20,Eliminated Week 8,6,True,39538223.0
14,Sherri Sheperd,Valentin Chmerkovskiy,Actor/Actress,Illinois,United States,44,Eliminated Week 4,10,True,12812508.0
14,William Levy,Cheryl Burke,Actor/Actress,,Cuba,31,3rd Place,3,False,
15,Apolo Anton Ohno,Karina Smirnoff,Athlete,Washington,United States,30,Eliminated Week 9,5,True,7705281.0
15,Bristol Palin,Mark Ballas,TV Personality,Alaska,United States,21,Eliminated Week 4,9,True,733391.0
15,Drew Lachey,Anna Trebunskaya,Singer/Rapper,Ohio,United States,36,Eliminated Week 3,11,True,11799448.0
15,Emmitt Smith,Cheryl Burke,Athlete,Florida,United States,43,Eliminated Week 9,4,True,21538187.0
15,Gilles Marini,Peta Murgatroyd,Actor/Actress,,France,36,Eliminated Week 8,6,False,
15,Helio Castroneves,Chelsie Hightower,Racing Driver,,Brazil,37,Eliminated Week 3,10,False,
15,Joey Fatone,Kym Johnson,Singer/Rapper,New York,United States,35,Eliminated Week 2,12,True,20201249.0
15,Kelly Monaco,Valentin Chmerkovskiy,Actor/Actress,Pennsylvania,United States,36,3rd Place,3,True,13002700.0
15,Kirstie Alley,Maksim Chmerkoskiy,Actor/Actress,Kansas,United States,61,Eliminated Week 8,7,True,2937880.0
15,Melissa Rycroft,Tony Dovolani,TV Personality,Texas,United States,29,1st Place,1,True,29145505.0
15,Pamela Anderson,Tristan MacManus,Model,,Canada,45,Eliminated Week 1,13,False,
15,Sabrina Bryan,Louis van Amstel,Actor/Actress,California,United States,28,Eliminated Week 6,8,True,39538223.0
15,Shawn Johnson,Derek Hough,Athlete,Iowa,United States,20,2nd Place,2,True,3190369.0
16,Alexandra Raisman,Mark Ballas,Athlete,Massachusetts,United States,18,Eliminated Week 10,4,True,7029917.0
16,Andy Dick,Sharna Burgess,Comedian,South Carolina,United States,47,Eliminated Week 7,7,True,5118425.0
16,D. L. Hughley,Cheryl Burke,Comedian,Virginia,United States,50,Eliminated Week 5,9,True,8631393.0
16,Dorothy Hamill,Tristan MacManus,Athlete,Illinois,United States,56,Withdrew,12,True,12812508.0
16,Ingo Rademacher,Kym Johnson,Actor/Actress,,Germany,41,Eliminated Week 9,5,False,
16,Jacoby Jones,Karina Smirnoff,Athlete,Louisiana,United States,28,3rd Place,3,True,4657757.0
16,Kellie Pickler,Derek Hough,Singer/Rapper,North Carolina,United States,26,1st Place,1,True,10439388.0
16,Lisa Vanderpump,Gleb Savchenko,TV Personality,,England,52,Eliminated Week 4,10,False,
16,Sean Lowe,Peta Murgatroyd,TV Personality,Texas,United States,29,Eliminated Week 8,6,True,29145505.0
16,Victor Ortiz,Lindsay Arnold,Athlete,Kansas,United States,26,Eliminated Week 6,8,True,2937880.0
16,Wynonna Judd,Tony Dovolani,Singer/Rapper,Kentucky,United States,48,Eliminated Week 3,11,True,4505836.0
16,Zendaya,Valentin Chmerkovskiy,Actor/Actress,California,United States,16,2nd Place,2,True,39538223.0
17,Amber Riley,Derek Hough,Actor/Actress,California,United States,27,1st Place,1,True,39538223.0
17,Bill Engvall,Emma Slater,Comedian,Texas,United States,56,Eliminated Week 11,4,True,29145505.0
17,Bill Nye,Tyne Stecklein,TV Personality,Washington D.C.,United States,57,Eliminated Week 3,11,True,689545.0
17,Brant Daugherty,Peta Murgatroyd,Actor/Actress,Ohio,United States,28,Eliminated Week 8,7,True,11799448.0
17,Christina Milian,Mark Ballas,Singer/Rapper,New Jersey,United States,31,Eliminated Week 5,9,True,9288994.0
17,Corbin Bleu,Karina Smirnoff,Actor/Actress,New York,United States,24,2nd Place,2,True,20201249.0
17,Elizabeth Berkley Lauren,Valentin Chmerkovskiy,Actor/Actress,Michigan,United States,39,Eliminated Week 9,6,True,10077331.0
17,Jack Osbourne,Cheryl Burke,TV Personality,,England,27,3rd Place,3,False,
17,Keyshawn Johnson,Sharna Burgess,Athlete,California,United States,41,Eliminated Week 2,12,True,39538223.0
17,Leah Remini,Tony Dovolani,Actor/Actress,New York,United States,43,Eliminated Week 10,5,True,20201249.0
17,"Nicole ""Snooki"" Polizzi",Sasha Farber,TV Personality,,Chile,25,Eliminated Week 7,8,False,
17,Valerie Harper,Tristan MacManus,Actor/Actress,New York,United States,74,Eliminated Week 4,10,True,20201249.0
18,Amy Purdy,Derek Hough,Athlete,Nevada,United States,34,2nd Place,2,True,3104614.0
18,Billy Dee Williams,Emma Slater,Actor/Actress,New York,United States,76,Withdrew,10,True,20201249.0
18,Candace Cameron Bure,Mark Ballas,Actor/Actress,California,United States,37,3rd Place,3,True,39538223.0
18,Charlie White,Sharna Burgess,Athlete,Michigan,United States,26,Eliminated Week 9,5,True,10077331.0
18,Cody Simpson,Witney Carson,Singer/Rapper,,Australia,17,Eliminated Week 5,9,False,
18,Danica McKellar,Valentin Chmerkovskiy,Actor/Actress,California,United States,39,Eliminated Week 8,6,True,39538223.0
18,Diana Nyad,Henry Byalikov,Athlete,New York,United States,64,Eliminated Week 2,12,True,20201249.0
18,Drew Carey,Cheryl Burke,Comedian,Ohio,United States,55,Eliminated Week 6,8,True,11799448.0
18,James Maslow,Peta Murgatroyd,Actor/Actress,New York,United States,23,Eliminated Week 10,4,True,20201249.0
18,Meryl Davis,Maksim Chmerkoskiy,Athlete,Michigan,United States,27,1st Place,1,True,10077331.0
18,NeNe Leakes,Tony Dovolani,TV Personality,New York,United States,46,Eliminated Week 7,7,True,20201249.0
18,Sean Avery,Karina Smirnoff,Athlete,,Canada,33,Eliminated Week 2,11,False,
19,Alfonso Ribeiro,Witney Carson,Actor/Actress,New York,United States,42,1st Place,1,True,20201249.0
19,Antonio Sabato Jr.,Cheryl Burke,Actor/Actress,,Italy,42,Eliminated Week 7,8,False,
19,Bethany Mota,Derek Hough,Social Media Personality,California,United States,18,Eliminated Week 11,4,True,39538223.0
19,Betsey Johnson,Tony Dovolani,Fashion Designer,Connecticut,United States,72,Eliminated Week 4,10,True,3605944.0
19,Janel Parrish,Valentin Chmerkovskiy,Actor/Actress,Hawaii,United States,25,3rd Place,3,True,1455271.0
19,Jonathan Bennett,Allison Holker,Actor/Actress,Ohio,United States,33,Eliminated Week 6,9,True,11799448.0
19,Lea Thompson,Artem Chigvintsev,Actor/Actress,Minnesota,United States,53,Eliminated Week 9,6,True,5706494.0
19,Lolo Jones,Keo Motsepe,Athlete,Iowa,United States,32,Eliminated Week 1,13,True,3190369.0
19,Michael Waltrip,Emma Slater,Racing Driver,Kentucky,United States,51,Eliminated Week 8,7,True,4505836.0
19,Randy Couture,Karina Smirnoff,Athlete,Washington,United States,51,Eliminated Week 3,11,True,7705281.0
19,Sadie Robertson,Mark Ballas,TV Personality,Louisiana,United States,17,2nd Place,2,True,4657757.0
19,Tavis Smiley,Sharna Burgess,Radio Personality,Mississippi,United States,50,Eliminated Week 2,12,True,2961279.0
19,Tommy Chong,Peta Murgatroyd,Comedian,,Canada,76,Eliminated Week 10,5,False,
20,Charlotte McKinney,Keo Motsepe,Model,Florida,United States,21,Eliminated Week 3,11,True,21538187.0
20,Chris Soules,Witney Carson,TV Personality,Iowa,United States,33,Eliminated Week 8,5,True,3190369.0
20,Michael Sam,Peta Murgatroyd,Athlete,Texas,United States,25,Eliminated Week 4,10,True,29145505.0
20,Nastia Liukin,Derek Hough,Athlete,,Russia,25,Eliminated Week 9,4,False,
20,Noah Galloway,Sharna Burgess,Motivational Speaker,Alabama,United States,33,3rd Place,3,True,5024279.0
20,Patti LaBelle,Artem Chigvintsev,Singer/Rapper,Pennsylvania,United States,70,Eliminated Week 6,8,True,13002700.0
20,Redfoo,Emma Slater,Singer/Rapper,California,United States,39,Eliminated Week 2,12,True,39538223.0
20,Riker Lynch,Allison Holker,Actor/Actress,Colorado,United States,23,2nd Place,2,True,5773714.0
20,Robert Herjavec,Kym Johnson,Entrepreneur,,Croatia,52,Eliminated Week 8,6,False,
20,Rumer Willis,Valentin Chmerkovskiy,Actor/Actress,Kentucky,United States,26,1st Place,1,True,4505836.0
20,Suzanne Somers,Tony Dovolani,Actor/Actress,California,United States,68,Eliminated Week 5,9,True,39538223.0
20,Willow Shields,Mark Ballas,Actor/Actress,New Mexico,United States,14,Eliminated Week 7,7,True,2117522.0
21,Alek Skarlatos,Lindsay Arnold,Military,California,United States,22,3rd Place,3,True,39538223.0
21,Alexa PenaVega,Mark Ballas,Actor/Actress,Florida,United States,27,Eliminated Week 9,6,True,21538187.0
21,Andy Grammer,Allison Holker,Singer/Rapper,California,United States,31,Eliminated Week 8,7,True,39538223.0
21,Bindi Irwin,Derek Hough,TV Personality,,Australia,17,1st Place,1,False,
21,Carlos PenaVega,Witney Carson,Actor/Actress,Missouri,United States,26,Eliminated Week 11,4,True,6154913.0
21,Chaka Khan,Keo Motsepe,Singer/Rapper,Illinois,United States,62,Eliminated Week 2,13,True,12812508.0
21,Gary Busey,Anna Trebunskaya,Actor/Actress,Texas,United States,71,Eliminated Week 4,10,True,29145505.0
21,Hayes Grier,Emma Slater,Social Media Personality,North Carolina,United States,15,Eliminated Week 7,8,True,10439388.0
21,Kim Zolciak-Biermann,Tony Dovolani,TV Personality,Florida,United States,37,Withdrew,11,True,21538187.0
21,Nick Carter,Sharna Burgess,Singer/Rapper,New York,United States,35,2nd Place,2,True,20201249.0
21,Paula Deen,Louis van Amstel,TV Personality,Georgia,United States,68,Eliminated Week 6,9,True,10711908.0
21,Tamar Braxton,Valentin Chmerkovskiy,Singer/Rapper,Maryland,United States,38,Withdrew,5,True,6177224.0
21,Victor Espinoza,Karina Smirnoff,Athlete,,Mexico,43,Eliminated Week 2,12,False,
22,Antonio Brown,Sharna Burgess,Athlete,Florida,United States,27,Eliminated Week 9,5,True,21538187.0
22,Doug Flutie,Karina Smirnoff,Athlete,Maryland,United States,53,Eliminated Week 6,9,True,6177224.0
22,Geraldo Rivera,Edyta Sliwinska,Journalist,New York,United States,72,Eliminated Week 2,12,True,20201249.0
22,Ginger Zee,Valentin Chmerkovskiy,News Anchor,California,United States,35,3rd Place,3,True,39538223.0
22,Jodie Sweetin,Keo Motsepe,Actor/Actress,California,United States,34,Eliminated Week 8,6,True,39538223.0
22,Kim Fields,Sasha Farber,Actor/Actress,New York,United States,46,Eliminated Week 7,8,True,20201249.0
22,Marla Maples,Tony Dovolani,TV Personality,Georgia,United States,52,Eliminated Week 4,10,True,10711908.0
22,Mischa Barton,Artem Chigvintsev,Actor/Actress,,England,30,Eliminated Week 3,11,False,
22,Nyle DiMarco,Peta Murgatroyd,Model,New York,United States,26,1st Place,1,True,20201249.0
22,Paige VanZant,Mark Ballas,Athlete,Oregon,United States,22,2nd Place,2,True,4237256.0
22,Von Miller,Witney Carson,Athlete,Texas,United States,27,Eliminated Week 7,7,True,29145505.0
22,Wanya Morris,Lindsay Arnold,Singer/Rapper,Pennsylvania,United States,42,Eliminated Week 9,4,True,13002700.0
23,Amber Rose,Maksim Chmerkoskiy,Model,Pennsylvania,United States,32,Eliminated Week 6,9,True,13002700.0
23,Babyface,Allison Holker,Singer/Rapper,Indiana,United States,57,Eliminated Week 4,11,True,6785528.0
23,Calvin Johnson Jr.,Lindsay Arnold,Athlete,Georgia,United States,30,3rd Place,3,True,10711908.0
23,Jake T. Austin,Jenna Johnson,Actor/Actress,New York,United States,21,Eliminated Week 2,13,True,20201249.0
23,James Hinchcliffe,Sharna Burgess,Racing Driver,,Canada,29,2nd Place,2,False,
23,Jana Kramer,Gleb Savchenko,Singer/Rapper,Michigan,United States,32,Eliminated Week 11,4,True,10077331.0
23,Laurie Hernandez,Valentin Chmerkovskiy,Athlete,New Jersey,United States,16,1st Place,1,True,9288994.0
23,Marilu Henner,Derek Hough,Actor/Actress,Illinois,United States,64,Eliminated Week 9,6,True,12812508.0
23,Maureen McCormick,Artem Chigvintsev,Actor/Actress,California,United States,60,Eliminated Week 7,8,True,39538223.0
23,Rick Perry,Emma Slater,Politician,Texas,United States,66,Eliminated Week 3,12,True,29145505.0
23,Ryan Lochte,Cheryl Burke,Athlete,New York,United States,32,Eliminated Week 8,7,True,20201249.0
23,Terra Jole,Sasha Farber,TV Personality,Texas,United States,36,Eliminated Week 10,5,True,29145505.0
23,Vanilla Ice,Witney Carson,Singer/Rapper,Texas,United States,48,Eliminated Week 4,10,True,29145505.0
24,Bonner Bolton,Sharna Burgess,Athlete,Texas,United States,29,Eliminated Week 8,5,True,29145505.0
24,Charo,Keo Motsepe,Actor/Actress,,Spain,66,Eliminated Week 3,11,False,
24,Chris Kattan,Witney Carson,Comedian,California,United States,46,Eliminated Week 2,12,True,39538223.0
24,David Ross,Lindsay Arnold,Athlete,Georgia,United States,40,2nd Place,2,True,10711908.0
24,Erika Jayne,Gleb Savchenko,Singer/Rapper,Georgia,United States,45,Eliminated Week 5,9,True,10711908.0
24,Heather Morris,Maksim Chmerkoskiy,Actor/Actress,California,United States,30,Eliminated Week 6,8,True,39538223.0
24,Mr. T,Kym Herjavec,Actor/Actress,Illinois,United States,64,Eliminated Week 4,10,True,12812508.0
24,Nancy Kerrigan,Artem Chigvintsev,Athlete,Massachusetts,United States,47,Eliminated Week 7,7,True,7029917.0
24,Nick Viall,Peta Murgatroyd,TV Personality,Wisconsin,United States,36,Eliminated Week 7,6,True,5893718.0
24,Normani,Valentin Chmerkovskiy,Singer/Rapper,Georgia,United States,20,3rd Place,3,True,10711908.0
24,Rashad Jennings,Emma Slater,Athlete,Virginia,United States,32,1st Place,1,True,8631393.0
24,Simone Biles,Sasha Farber,Athlete,Ohio,United States,20,Eliminated Week 9,4,True,11799448.0
25,Barbara Corcoran,Keo Motsepe,Entrepreneur,New Jersey,United States,68,Eliminated Week 2,13,True,9288994.0
25,Debbie Gibson,Alan Bersten,Singer/Rapper,New York,United States,47,Eliminated Week 2,12,True,20201249.0
25,Derek Fisher,Sharna Burgess,Athlete,Arkansas,United States,43,Eliminated Week 4,11,True,3011524.0
25,Drew Scott,Emma Slater,TV Personality,,Canada,39,Eliminated Week 10,4,False,
25,Frankie Muniz,Witney Carson,Actor/Actress,New Jersey,United States,31,3rd Place,3,True,9288994.0
25,Jordan Fisher,Lindsay Arnold,Actor/Actress,Alabama,United States,23,1st Place,1,True,5024279.0
25,Lindsey Stirling,Mark Ballas,Musician,California,United States,31,2nd Place,2,True,39538223.0
25,Nick Lachey,Peta Murgatroyd,Singer/Rapper,Kentucky,United States,43,Eliminated Week 6,9,True,4505836.0
25,Nikki Bella,Artem Chigvintsev,Athlete,California,United States,33,Eliminated Week 7,8,True,39538223.0
25,Sasha Pieterse,Gleb Savchenko,Actor/Actress,,South Africa,21,Eliminated Week 5,10,False,
25,Terrell Owens,Cheryl Burke,Athlete,Alabama,United States,43,Eliminated Week 8,6,True,5024279.0
25,Vanessa Lachey,Maksim Chmerkoskiy,TV Personality,,Philippines,36,Eliminated Week 7,7,False,
25,Victoria Arlen,Valentin Chmerkovskiy,Athlete,New Hamshire,United States,22,Eliminated Week 9,5,True,1377529.0
26,Adam Rippon,Jenna Johnson,Athlete,Pennsylvania,United States,28,1st Place,1,True,13002700.0
26,Arike Ogunbowale,Gleb Savchenko,Athlete,Wisconsin,United States,21,Eliminated Week 2,7,True,5893718.0
26,Chris Mazdzer,Witney Carson,Athlete,Massachusetts,United States,29,Eliminated Week 3,5,True,7029917.0
26,Jamie Anderson,Artem Chigvintsev,Athlete,California,United States,27,Eliminated Week 1,10,True,39538223.0
26,Jennie Finch Daigle,Keo Motsepe,Athlete,California,United States,37,Eliminated Week 3,6,True,39538223.0
26,Johnny Damon,Emma Slater,Athlete,Kansas,United States,44,Eliminated Week 1,9,True,2937880.0
26,Josh Norman,Sharna Burgess,Athlete,South Carolina,United States,30,2nd Place,2,True,5118425.0
26,Kareem Abdul-Jabbar,Lindsay Arnold,Athlete,New York,United States,71,Eliminated Week 2,8,True,20201249.0
26,Mirai Nagasu,Alan Bersten,Athlete,California,United States,25,Eliminated Week 3,4,True,39538223.0
26,Tonya Harding,Sasha Farber,Athlete,Oregon,United States,47,3rd Place,3,True,4237256.0
27,Alexis Ren,Alan Bersten,Social Media Personality,California,United States,21,4th Place,4,True,39538223.0
27,Bobby Bones,Sharna Burgess,Radio Personality,Arkansas,United States,38,1st Place,1,True,3011524.0
27,Danelle Umstead,Artem Chigvintsev,Athlete,New Mexico,United States,46,Eliminated Week 2,12,True,2117522.0
27,DeMarcus Ware,Lindsay Arnold,Athlete,Alabama,United States,36,Eliminated Week 7,7,True,5024279.0
27,Evanna Lynch,Keo Motsepe,Actor/Actress,,Ireland,27,3rd Place,3,False,
27,Joe Amabile,Jenna Johnson,TV Personality,Illinois,United States,32,Eliminated Week 8,6,True,12812508.0
27,John Schneider,Emma Slater,Actor/Actress,New York,United States,58,Eliminated Week 7,8,True,20201249.0
27,Juan Pablo Di Pace,Cheryl Burke,Actor/Actress,,Argentina,39,Eliminated Week 8,5,False,
27,Mary Lou Retton,Sasha Farber,Athlete,West Virginia,United States,50,Eliminated Week 6,9,True,1793716.0
27,Milo Manheim,Witney Carson,Actor/Actress,California,United States,17,2nd Place,2,True,39538223.0
27,Nancy McKeon,Valentin Chmerkovskiy,Actor/Actress,New York,United States,52,Eliminated Week 3,11,True,20201249.0
27,Nikki Glaser,Gleb Savchenko,Comedian,Ohio,United States,34,Eliminated Week 1,13,True,11799448.0
27,Tinashe,Brandon Armstrong,Singer/Rapper,Kentucky,United States,25,Eliminated Week 4,10,True,4505836.0
28,Ally Brooke,Sasha Farber,Singer/Rapper,Texas,United States,26,3rd Place,3,True,29145505.0
28,Hannah Brown,Alan Bersten,TV Personality,Alabama,United States,24,1st Place,1,True,5024279.0
28,James Van Der Beek,Emma Slater,Actor/Actress,Connecticut,United States,42,Eliminated Week 10,5,True,3605944.0
28,Karamo Brown,Jenna Johnson,TV Personality,Texas,United States,38,Eliminated Week 7,8,True,29145505.0
28,Kate Flannery,Pasha Pashkov,Actor/Actress,Pennsylvania,United States,55,Eliminated Week 8,7,True,13002700.0
28,Kel Mitchell,Witney Carson,Actor/Actress,Illinois,United States,41,2nd Place,2,True,12812508.0
28,Lamar Odom,Peta Murgatroyd,Athlete,New York,United States,39,Eliminated Week 4,10,True,20201249.0
28,Lauren Alaina,Gleb Savchenko,Singer/Rapper,Georgia,United States,24,4th Place,4,True,10711908.0
28,Mary Wilson,Brandon Armstrong,Singer/Rapper,Nevada,United States,75,Eliminated Week 2,12,True,3104614.0
28,Ray Lewis,Cheryl Burke,Athlete,Florida,United States,44,Withdrew,11,True,21538187.0
28,Sailor Brinkley-Cook,Valentin Chmerkovskiy,Model,New York,United States,21,Eliminated Week 6,9,True,20201249.0
28,Sean Spicer,Lindsay Arnold,Politician,New York,United States,48,Eliminated Week 9,6,True,20201249.0
29,AJ McLean,Cheryl Burke,Singer/Rapper,Florida,United States,42,Eliminated Week 9,7,True,21538187.0
29,Anne Heche,Keo Motsepe,Actor/Actress,Ohio,United States,51,Eliminated Week 4,13,True,11799448.0
29,Carole Baskin,Pasha Pashkov,TV Personality,Texas,United States,59,Eliminated Week 3,14,True,29145505.0
29,Charles Oakley,Emma Slater,Athlete,Ohio,United States,56,Eliminated Week 2,15,True,11799448.0
29,Chrishell Stause,Gleb Savchenko,Actor/Actress,Kentucky,United States,39,Eliminated Week 8,8,True,4505836.0
29,Jeannie Mai,Brandon Armstrong,TV Personality,California,United States,41,Withdrew,9,True,39538223.0
29,Jesse Metcalfe,Sharna Burgess,Actor/Actress,California,United States,41,Eliminated Week 5,12,True,39538223.0
29,Johnny Weir,Britt Stewart,Athlete,Pennsylvania,United States,36,Eliminated Week 10,6,True,13002700.0
29,Justina Machado,Sasha Farber,Actor/Actress,Illinois,United States,48,4th Place,4,True,12812508.0
29,Kaitlyn Bristowe,Artem Chigvintsev,TV Personality,,Canada,35,1st Place,1,False,
29,Monica Aldama,Valentin Chmerkovskiy,TV Personality,Alabama,United States,48,Eliminated Week 7,10,True,5024279.0
29,Nelly,Daniella Karagach,Singer/Rapper,Texas,United States,45,3rd Place,3,True,29145505.0
29,Nev Schulman,Jenna Johnson,Producer,New York,United States,35,2nd Place,2,True,20201249.0
29,Skai Jackson,Alan Bersten,Actor/Actress,New York,United States,18,Eliminated Week 10,5,True,20201249.0
29,Veron Davis,Peta Murgatroyd,Athlete,Washington D.C.,United States,36,Eliminated Week 6,11,True,689545.0
30,Amanda Kloots,Alan Bersten,TV Personality,Ohio,United States,39,4th Place,4,True,11799448.0
30,Brian Austin Green,Sharna Burgess,Actor/Actress,California,United States,48,Eliminated Week 4,13,True,39538223.0
30,Christine Chiu,Pasha Pashkov,TV Personality,,Taiwan China,38,Eliminated Week 3,14,False,
30,Cody Rigsby,Cheryl Burke,Fitness Instructor,California,United States,34,3rd Place,3,True,39538223.0
30,Iman Shumpert,Daniella Karagach,Athlete,Illinois,United States,31,1st Place,1,True,12812508.0
30,Jimmie Allen,Emma Slater,Singer/Rapper,Delaware,United States,36,Eliminated Week 8,7,True,989948.0
30,JoJo Siwa,Jenna Johnson,Social Media Personality,Nebraska,United States,18,2nd Place,2,True,1961504.0
30,Kenya Moore,Brandon Armstrong,TV Personality,Michigan,United States,50,Eliminated Week 6,10,True,10077331.0
30,Martin Kove,Britt Stewart,Actor/Actress,New York,United States,75,Eliminated Week 2,15,True,20201249.0
30,Matt James,Lindsay Arnold,Athlete,North Carolina,United States,29,Eliminated Week 4,12,True,10439388.0
30,Melanie C,Gleb Savchenko,Singer/Rapper,,England,47,Eliminated Week 5,11,False,
30,Melora Hardin,Artem Chigvintsev,Actor/Actress,Texas,United States,54,Eliminated Week 9,6,True,29145505.0
30,"Mike ""The Miz"" Mizanin",Witney Carson,Athlete,Ohio,United States,40,Eliminated Week 7,9,True,11799448.0
30,Olivia Jade,Valentin Chmerkovskiy,Social Media Personality,California,United States,21,Eliminated Week 8,8,True,39538223.0
30,Suni Lee,Sasha Farber,Athlete,Minnesota,United States,18,Eliminated Week 9,5,True,5706494.0
31,Charli D'Amelio,Mark Ballas,Social Media Personality,Connecticut,United States,18,1st Place,1,True,3605944.0
31,Cheryl Ladd,Louis van Amstel,Actor/Actress,South Dakota,United States,71,Eliminated Week 3,14,True,886667.0
31,Daniel Durant,Britt Stewart,Actor/Actress,Michigan,United States,32,Eliminated Week 9,5,True,10077331.0
31,Gabby Windey,Valentin Chmerkovskiy,TV Personality,Illinois,United States,31,2nd Place,2,True,12812508.0
31,Heidi D'Amelio,Artem Chigvintsev,Social Media Personality,Louisiana,United States,50,Eliminated Week 8,8,True,4657757.0
31,Jason Lewis,Peta Murgatroyd,Actor/Actress,California,United States,51,Eliminated Week 1,16,True,39538223.0
31,Jessie James Decker,Alan Bersten,Singer/Rapper,,Italy,34,Eliminated Week 6,10,False,
31,Jordin Sparks,Brandon Armstrong,Singer/Rapper,Arizona,United States,32,Eliminated Week 7,9,True,7151502.0
31,Joseph Baena,Daniella Karagach,Actor/Actress,California,United States,24,Eliminated Week 5,11,True,39538223.0
31,Sam Champion,Cheryl Burke,News Anchor,Kentucky,United States,61,Eliminated Week 4,13,True,4505836.0
31,Selma Blair,Sasha Farber,Actor/Actress,Michigan,United States,50,Withdrew,12,True,10077331.0
31,Shangela,Gleb Savchenko,TV Personality,Texas,United States,40,4th Place,4,True,29145505.0
31,Teresa Giudice,Pasha Pashkov,TV Personality,New Jersey,United States,50,Eliminated Week 2,15,True,9288994.0
31,Trevor Donovan,Emma Slater,Actor/Actress,California,United States,39,Eliminated Week 9,6,True,39538223.0
31,Vinny Guadagnino,Koko Iwasaki,TV Personality,New York,United States,34,Eliminated Week 8,7,True,20201249.0
31,Wayne Brady,Witney Carson,Comedian,Georgia,United States,50,3rd Place,3,True,10711908.0
32,Adrian Peterson,Britt Stewart,Athlete,Texas,United States,38,Eliminated Week 4,11,True,29145505.0
32,Alyson Hannigan,Sasha Farber,Actor/Actress,Washington D.C.,United States,49,5th Place,5,True,689545.0
32,Ariana Madix,Pasha Pashkov,TV Personality,Florida,United States,38,3rd Place,3,True,21538187.0
32,Barry Williams,Peta Murgatroyd,Actor/Actress,California,United States,68,Eliminated Week 8,7,True,39538223.0
32,Charity Lawson,Artem Chigvintsev,TV Personality,Georgia,United States,27,4th Place,4,True,10711908.0
32,Harry Jowsey,Rylee Arnold,TV Personality,,Australia,26,Eliminated Week 9,6,False,
32,Jamie Lynn Spears,Alan Bersten,Actor/Actress,Mississippi,United States,32,Eliminated Week 2,13,True,2961279.0
32,Jason Mraz,Daniella Karagach,Singer/Rapper,Virginia,United States,46,2nd Place,2,True,8631393.0
32,Lele Pons,Brandon Armstrong,Social Media Personality,,Venezuela,27,Eliminated Week 7,8,False,
32,Matt Walsh,Koko Iwasaki,Comedian,Illinois,United States,58,Eliminated Week 1,14,True,12812508.0
32,Mauricio Umansky,Emma Slater,TV Personality,,Mexico,53,Eliminated Week 6,9,False,
32,Mira Sorvino,Gleb Savchenko,Actor/Actress,New York,United States,55,Eliminated Week 5,10,True,20201249.0
32,Tyson Beckford,Jenna Johnson,Model,New York,United States,52,Eliminated Week 3,12,True,20201249.0
32,Xochitl Gomez,Valentin Chmerkovskiy,Actor/Actress,California,United States,17,1st Place,1,True,39538223.0
33,Anna Delvey,Ezra Sosa,Con artist,,Russia,33,Eliminated Week 2,12,False,
33,Brooks Nader,Gleb Savchenko,Model,New York,United States,27,Eliminated Week 4,9,True,20201249.0
33,Chandler Kinney,Brandon Armstrong,Actor/Actress,California,United States,24,3rd Place,3,True,39538223.0
33,Danny Amendola,Witney Carson,Athlete,Texas,United States,39,5th Place,5,True,29145505.0
33,Dwight HowardÂ ,Daniella Karagach,Athlete,Georgia,United States,38,Eliminated Week 7,6,True,10711908.0
33,Eric Roberts,Britt Stewart,Actor/Actress,California,United States,68,Eliminated Week 3,10,True,39538223.0
33,Ilona Maher,Alan Bersten,Athlete,California,United States,28,2nd Place,2,True,39538223.0
33,Jenn Tran,Sasha Farber,TV Personality,Florida,United States,26,Eliminated Week 6,7,True,21538187.0
33,Joey Graziadei,Jenna Johnson,TV Personality,Louisiana,United States,29,1st Place,1,True,4657757.0
33,Phaedra Parks,Val Chmerkovskiy,TV Personality,Georgia,United States,51,Eliminated Week 5,8,True,10711908.0
33,Reginald VelJohnson,Emma Slater,Actor/Actress,New York,United States,74,Eliminated Week 3,10,True,20201249.0
33,Stephen Nedoroscik,Rylee Arnold,Athlete,Florida,United States,26,4th Place,4,True,21538187.0
33,Tori Spelling,Pasha Pashkov,Actor/Actress,California,United States,51,Eliminated Week 2,12,True,39538223.0
34,Alix Earle,Val Chmerkovskiy (Joey Graziadei week 9),Social media personality,Florida,United States,24,2nd Place,2,True,21538187.0
34,Andy Richter,Emma Slater/Kaitlyn Bristowe (week 9),Comedian,California,United States,59,Eliminated Week 9,7,True,39538223.0
34,Baron Davis,Britt Stewart,Athlete,California,United States,46,Eliminated Week 2,13,True,39538223.0
34,Corey Feldman,Jenna Johnson,Actor/Actress,California,United States,54,Eliminated Week 2,13,True,39538223.0
34,Danielle Fishel,Pasha Pashkov,Actor/Actress,California,United States,44,Eliminated Week 8,8,True,39538223.0
34,Dylan Efron,Daniella Karagach (Rumer Willis week 9),TV Personality,California,United States,33,4th Place,4,True,39538223.0
34,Elaine Hendrix,Alan Bersten (Rashad Jennings week 9),Actor/Actress,Georgia,United States,55,5th Place,5,True,10711908.0
34,Hilaria Baldwin,Gleb Savchenko,Entrepreneur,New York,United States,41,Eliminated Week 4,11,True,20201249.0
34,Jen Affleck,Jan Ravnik,TV Personality,Utah,United States,26,Eliminated Week 7,9,True,3271616.0
34,Jordan Chiles,Ezra Sosa (Apolo Anton Ohno week 9),Athlete,Texas,United States,24,3rd Place,3,True,29145505.0
34,Lauren Jauregui,Brandon Armstrong,Singer/Rapper,Florida,United States,29,Eliminated Week 3,12,True,21538187.0
34,Robert Irwin,Witney Carson (Xoshitl Gomez week 9),Conservationist,,Australia,22,1st Place,1,False,
34,Scott Hoying,Rylee Arnold,Singer/Rapper,California,United States,34,Eliminated Week 6,10,True,39538223.0
34,Whitney Leavitt,Mark Ballas,TV Personality,Utah,United States,32,Eliminated Week 10,6,True,3271616.0
